title,owner,like,view,mid,bvid,url,author_href,author,following,follower,like_author,video_view,article_view
当初我的前端讲师私底下告诉我的CSS布局网站，直接让你玩明白CSS布局,前端菌,2300,25792,1011940427,BV1rB4y1C7TF,https://www.bilibili.com/video/BV1rB4y1C7TF,https://space.bilibili.com/1011940427,前端菌,2,5489,70079,723575,0
时髦伦敦家庭的悠闲周末,internet-boy,4384,51191,415403269,BV1gY4y1t7wE,https://www.bilibili.com/video/BV1gY4y1t7wE,https://space.bilibili.com/415403269,internet-boy,0,949779,43354005,689573350,10736
5266秒杀极品成色，iPad Pro 2021-11-128插卡版，98新-电池106.5%-在保168天，嘎嘎靓！送壳膜,MUGEN车影,9,1415,351368669,BV1p3411K7X3,https://www.bilibili.com/video/BV1p3411K7X3,https://space.bilibili.com/351368669,MUGEN车影,101,4458,5990,490537,0
辞职5年，我们决定环游中国，抽到哪去哪！,苍苍老张,3571,31587,18995223,BV1UY4y1r79F,https://www.bilibili.com/video/BV1UY4y1r79F,https://space.bilibili.com/18995223,苍苍老张,262,130340,534140,11426952,0
「身法龙骑a闪」从百草园追到三味书屋！,是墨邪不是莫邪,35555,787667,477373612,BV1ZL4y1V7RS,https://www.bilibili.com/video/BV1ZL4y1V7RS,https://space.bilibili.com/477373612,是墨邪不是莫邪,8,72569,858791,16949031,0
【战争雷霆】|| 苏系10.0 ||  蓝贝雷苍穹神兵 海魂衫赤日雄鹰 (2S25M 章鱼SDM1轻型坦克测评）,AMthyst000,2090,30440,84136438,BV1bY4y1b7hT,https://www.bilibili.com/video/BV1bY4y1b7hT,https://space.bilibili.com/84136438,AMthyst000,145,5146,13937,255681,691
热辣辣花雕醉鸡！！真的好上头！辣椒都不要放过！！,丹妮妮妮妮2098,6859,210031,1110156033,BV1x5411278b,https://www.bilibili.com/video/BV1x5411278b,https://space.bilibili.com/1110156033,丹妮妮妮妮2098,41,176210,466169,17684546,0
孟加拉国三轮车兄弟跟老婆结婚领证，小情侣尽力帮助，他们好开心,大头小头去旅行,3186,45942,350605014,BV1Ua411f7CL,https://www.bilibili.com/video/BV1Ua411f7CL,https://space.bilibili.com/350605014,大头小头去旅行,9,133055,1069342,39974124,0
DNF这几个月的表现如何？我只能说依然是神,东方寒兔,15158,266558,3178205,BV1cU4y1S7x9,https://www.bilibili.com/video/BV1cU4y1S7x9,https://space.bilibili.com/3178205,东方寒兔,187,141851,1943580,27184232,0
以为是探监 没想到是国宴？！,贝贝被背背-,13492,176509,1914722886,BV1Vt4y1s7S9,https://www.bilibili.com/video/BV1Vt4y1s7S9,https://space.bilibili.com/1914722886,贝贝被背背-,16,209553,3208791,62510586,0
如果被别人否定而轻易放弃，那只能说明自己不够强大！,仙泽干将,16799,175732,480665999,BV1pA4y1Q7Z8,https://www.bilibili.com/video/BV1pA4y1Q7Z8,https://space.bilibili.com/480665999,仙泽干将,5,519961,4725378,98943306,0
二胎混血是小王子，亚美尼亚亲人和中国奶爸兴奋不已，有儿子了。,在亚美尼亚的强子,2911,14677,325005174,BV1AZ4y1h7cT,https://www.bilibili.com/video/BV1AZ4y1h7cT,https://space.bilibili.com/325005174,在亚美尼亚的强子,4,53002,647154,15852286,3160
【原神】一 键 毕 业,零点の咖啡,24361,583985,97008553,BV1FY4y1r7BF,https://www.bilibili.com/video/BV1FY4y1r7BF,https://space.bilibili.com/97008553,零点の咖啡,126,384,29717,692040,0
“你成就我，我成就你”,Aaron剪辑,91192,1063584,2116582757,BV1KF41177iw,https://www.bilibili.com/video/BV1KF41177iw,https://space.bilibili.com/2116582757,Aaron剪辑,94,3251,843096,14115550,0
咖啡拉花，共享“单车”，其实都是古人玩剩下的,高质量人类知识,90682,836142,404516766,BV1AY4y1k72y,https://www.bilibili.com/video/BV1AY4y1k72y,https://space.bilibili.com/404516766,高质量人类知识,55,2027,248629,4225157,0
猪姐五一假期竟然独自在家做这种事？,小猪姐姐zzreal,8830,128981,19696996,BV1NY4y1k7gx,https://www.bilibili.com/video/BV1NY4y1k7gx,https://space.bilibili.com/19696996,小猪姐姐zzreal,104,1252581,2337987,57856008,0
时停魔蕴老头：“ 救赎露露是嘛，看好了 还没救人就已经没了 ”,佰鹤羽,12767,326571,32367854,BV1kZ4y187QG,https://www.bilibili.com/video/BV1kZ4y187QG,https://space.bilibili.com/32367854,佰鹤羽,41,445794,7381787,172700803,2545
五花肉和干花菜爆炒小米辣和青辣椒 味道辛辣又刺激 超级好吃,吃饭啦光小强,5386,90903,69940927,BV1F54y1Z7H3,https://www.bilibili.com/video/BV1F54y1Z7H3,https://space.bilibili.com/69940927,吃饭啦光小强,80,916618,6947411,136220300,0
浩克：花木兰很好杀夏侯惇的！从此峡谷多了禁花木兰的夏侯惇！,王者荣耀浩克,1660,109213,29755025,BV17B4y1m7bD,https://www.bilibili.com/video/BV17B4y1m7bD,https://space.bilibili.com/29755025,王者荣耀浩克,35,232375,1522363,51281913,0
mini6-256  三位数哈哈哈哈,闲鱼小霸王,11,1050,20705571,BV1GF411T7MD,https://www.bilibili.com/video/BV1GF411T7MD,https://space.bilibili.com/20705571,闲鱼小霸王,82,7975,14825,1637770,0
当你在一局游戏和朋友选出五个“五五朋友节”皮肤！！那么兄弟齐心其利断金的时候到了！！！,经常口胡的管子,17441,351649,208668914,BV1Fa411J7Rt,https://www.bilibili.com/video/BV1Fa411J7Rt,https://space.bilibili.com/208668914,经常口胡的管子,587,177207,2902505,44129381,0
白灼生蚝怎么做才能保持鲜嫩肥美而不又柴又老？今天农师傅教你,主厨农国栋,8367,113464,415479453,BV1aB4y1y7C6,https://www.bilibili.com/video/BV1aB4y1y7C6,https://space.bilibili.com/415479453,主厨农国栋,13,1416789,15564711,255177704,0
如诗的季节 相信美好,摄影家罗红,69466,202374,696490107,BV1Jr4y1n77d,https://www.bilibili.com/video/BV1Jr4y1n77d,https://space.bilibili.com/696490107,摄影家罗红,11,140786,668397,3224006,0
王者什么时候出会员啊？不想看广告了！！,杨道理不吵架,11071,143138,406303364,BV1TB4y1y7Jj,https://www.bilibili.com/video/BV1TB4y1y7Jj,https://space.bilibili.com/406303364,杨道理不吵架,79,249970,1956496,28596206,0
【宋昕冉x袁一琦】最佳拍档一日vlog丨滑冰场丨保龄球馆 丨复古DV,一颗太阳星rr,3026,22330,218837365,BV19U4y117BK,https://www.bilibili.com/video/BV19U4y117BK,https://space.bilibili.com/218837365,一颗太阳星rr,20,55371,59472,1051847,0
你又曾见过我们的巅峰时期?,火影-落落,11916,185457,519526007,BV1iY4y1t7oz,https://www.bilibili.com/video/BV1iY4y1t7oz,https://space.bilibili.com/519526007,火影-落落,21,9173,183027,3740905,0
【procreate绘画视频教程】呕心沥血整理出来的，从零基础小白到大触你只差这个教程！,我的插画日记,1953,31582,1427481186,BV18A4y1S7xb,https://www.bilibili.com/video/BV18A4y1S7xb,https://space.bilibili.com/1427481186,我的插画日记,0,1388,3750,57111,0
你这么会格挡，柱间一定很强吧？！,茨木小天使i,38114,698159,49785517,BV1ot4y1x7mj,https://www.bilibili.com/video/BV1ot4y1x7mj,https://space.bilibili.com/49785517,茨木小天使i,188,661456,7817504,124139723,41347
一键sg（2）,Gentleman阎,1028,50239,71420808,BV1zU4y1m7AN,https://www.bilibili.com/video/BV1zU4y1m7AN,https://space.bilibili.com/71420808,Gentleman阎,89,92,1632,89173,0
【manim】初中生能听懂的微积分科普1.1斜率演示（第一次做的不好qwq）,文翰墨客_HD,3694,38261,523570822,BV1x3411P7kH,https://www.bilibili.com/video/BV1x3411P7kH,https://space.bilibili.com/523570822,文翰墨客_HD,487,1772,4064,41220,0
继续这么送，女朋友真的会栓Q ｜520送礼红黑榜,小鹿Lawrence,15095,105415,37029661,BV1s54y1Z7pH,https://www.bilibili.com/video/BV1s54y1Z7pH,https://space.bilibili.com/37029661,小鹿Lawrence,147,606892,1520264,19694168,6903
1999年5月7日，中国人永远不会忘,人民日报,80729,322500,1131457022,BV1xZ4y1h77b,https://www.bilibili.com/video/BV1xZ4y1h77b,https://space.bilibili.com/1131457022,人民日报,20,4370930,47004756,511891523,605666
“她最终还是说出了那一句Ich Iiebe dich”。,小然只为你,6582,62621,2058685170,BV1Q34y177NB,https://www.bilibili.com/video/BV1Q34y177NB,https://space.bilibili.com/2058685170,小然只为你,10,2805,223529,1821150,0
可以吃的《千里江山图》 来一套嘛？,范苏木,14357,181777,480530475,BV18U4y117jn,https://www.bilibili.com/video/BV18U4y117jn,https://space.bilibili.com/480530475,范苏木,10,73874,499685,23665912,0
【cs沙雕动画8】哇！从未如此美妙的开局！,ArKun阿鲲,65333,954980,18223324,BV1qR4y1P7d4,https://www.bilibili.com/video/BV1qR4y1P7d4,https://space.bilibili.com/18223324,ArKun阿鲲,124,263693,1025339,18329680,0
得知胡班为自己而亡，关羽一声“汝命休矣”王值身首异处,二棉裤说剧,6365,231337,1557073149,BV18F411L7UD,https://www.bilibili.com/video/BV18F411L7UD,https://space.bilibili.com/1557073149,二棉裤说剧,51,282658,1754133,71758950,0
出苍穹的花木兰还是巨猛！对手塔下都不安全，连人带塔一个不留！,王者荣耀浩克,675,20186,29755025,BV1BY411P7v6,https://www.bilibili.com/video/BV1BY411P7v6,https://space.bilibili.com/29755025,王者荣耀浩克,35,232375,1522366,51281913,0
离谱，这鸭子现在竟然要200多[热词系列_知识增加][tv_目瞪口呆],谌嘉诚,2278,24747,31898841,BV1NS4y1z7tM,https://www.bilibili.com/video/BV1NS4y1z7tM,https://space.bilibili.com/31898841,谌嘉诚,125,631619,2369645,35120113,95261
摄影师小岛海滩过夜，凌晨在房车厕所瞟见奇幻日出【唐僧VLOG-54】,旅行摄影师唐僧,4384,56302,405561962,BV17T4y1k7od,https://www.bilibili.com/video/BV17T4y1k7od,https://space.bilibili.com/405561962,旅行摄影师唐僧,45,139048,325892,3887447,0
首次有人用一个合集将23种经典设计模式的原理，背后思想，应用场景给讲透了！,马士兵教育-马贝贝,519,10880,489226940,BV1NT4y1z7Lo,https://www.bilibili.com/video/BV1NT4y1z7Lo,https://space.bilibili.com/489226940,马士兵教育-马贝贝,5,3973,19562,426311,57345
为啥主播第一天玩原就有绫华+雾切呀？ 【原神】,Asaki大人,15767,304599,194484313,BV1Pr4y1b7dy,https://www.bilibili.com/video/BV1Pr4y1b7dy,https://space.bilibili.com/194484313,Asaki大人,110,891177,2504668,26112606,0
“赛道级SUV”凌云S，打不过买菜车？,寻找驾驶者之车,32317,320219,1772592840,BV1XS4y1B7Wt,https://www.bilibili.com/video/BV1XS4y1B7Wt,https://space.bilibili.com/1772592840,寻找驾驶者之车,12,111094,533694,10197504,0
一节课讲透所有反应原理，很累但很干,化学教员张子涵,2045,19340,407270850,BV1kR4y1c7kB,https://www.bilibili.com/video/BV1kR4y1c7kB,https://space.bilibili.com/407270850,化学教员张子涵,5,36290,51825,669370,0
大齐赶海，抓到发光的海玉米和螃蟹，带回家蘸上小料吃一下,王大齐吖,16926,224817,388694853,BV1w3411K7Km,https://www.bilibili.com/video/BV1w3411K7Km,https://space.bilibili.com/388694853,王大齐吖,45,831852,8032400,145546531,0
【直播回放】高考历史答题逻辑，冲刺救命法则！| 刘勖雯-高考历史,刘勖雯政史地,871,16247,341071568,BV1tZ4y187dv,https://www.bilibili.com/video/BV1tZ4y187dv,https://space.bilibili.com/341071568,刘勖雯政史地,3,112497,94712,1720586,0
画画的人嘛，变态一点也正常,野居青年,21109,126168,176756724,BV1a3411A7ws,https://www.bilibili.com/video/BV1a3411A7ws,https://space.bilibili.com/176756724,野居青年,10,693940,5369915,66379790,483622
合 法 但 有 病！（我猜你不敢做）,隔壁班的喵会长,26415,336510,21330948,BV13t4y1x7J3,https://www.bilibili.com/video/BV13t4y1x7J3,https://space.bilibili.com/21330948,隔壁班的喵会长,465,1415497,6900064,82397173,296037
别让这孙策跑了！,两只沈梦溪,21437,208659,340273654,BV1vv4y1K76p,https://www.bilibili.com/video/BV1vv4y1K76p,https://space.bilibili.com/340273654,两只沈梦溪,99,722664,15105198,233583313,51181
【间谍过家家】日本限定主题咖啡厅是什么体验？,山下智博,17234,176258,1643718,BV1TR4y1P7HP,https://www.bilibili.com/video/BV1TR4y1P7HP,https://space.bilibili.com/1643718,山下智博,128,2661587,11692753,438183761,881008
不许叫我苦难陈述者，肥鸭也不行,流一,5323,36069,1481675,BV1AY4y1C76M,https://www.bilibili.com/video/BV1AY4y1C76M,https://space.bilibili.com/1481675,流一,49,383582,633078,8745685,0
虎母无犬女！,涵的世界,33210,618211,240744484,BV1tT4y1B74F,https://www.bilibili.com/video/BV1tT4y1B74F,https://space.bilibili.com/240744484,涵的世界,44,7247,1052099,16546643,0
【备考攻略】3周冲刺过CATTI一级口译考试的5个备考建议,TuesMagique,1503,22022,390189534,BV1d34y1a7Vp,https://www.bilibili.com/video/BV1d34y1a7Vp,https://space.bilibili.com/390189534,TuesMagique,45,567384,643592,10833796,24854
【土豆消灭计划】超下饭的油焖鸡和芥末干锅土豆片,神奇海挪,40757,453252,1916474,BV1K34y1E7Dw,https://www.bilibili.com/video/BV1K34y1E7Dw,https://space.bilibili.com/1916474,神奇海挪,195,1111731,9123953,131174537,0
不看你将错过一个致富机会！地摊销量最佳的淀粉肠被我找到了！,信口开饭,11044,393091,384328284,BV1KF411M75g,https://www.bilibili.com/video/BV1KF411M75g,https://space.bilibili.com/384328284,信口开饭,39,540935,3283921,184536226,2353
这个确实稳賺不赔呀 兄弟们、我发起了一个投票有人愿意给我转嘛……,自律的悍匪,2302,34246,73820664,BV1J34y1E7b1,https://www.bilibili.com/video/BV1J34y1E7b1,https://space.bilibili.com/73820664,自律的悍匪,55,567721,4200401,77461952,0
俄罗斯女孩变装挑战,internet-boy,5333,64355,415403269,BV1CA4y1U7NT,https://www.bilibili.com/video/BV1CA4y1U7NT,https://space.bilibili.com/415403269,internet-boy,0,949780,43354054,689573350,10736
【跟着老麦补柯南#1】这一棍！一敲就是25年！,哀是麦子的球迷,20358,214914,4370617,BV1K3411P7Ay,https://www.bilibili.com/video/BV1K3411P7Ay,https://space.bilibili.com/4370617,哀是麦子的球迷,79,997459,6348819,124667704,68815
【值得收藏】一文总结：常考全部高中物理图像问题！,物理界最好的段子手,6160,50936,323593541,BV1Kr4y187jT,https://www.bilibili.com/video/BV1Kr4y187jT,https://space.bilibili.com/323593541,物理界最好的段子手,60,134841,191243,4990340,0
五 五 厨 师 劫,花泽不是厨师,33526,510135,20780995,BV1YS4y18786,https://www.bilibili.com/video/BV1YS4y18786,https://space.bilibili.com/20780995,花泽不是厨师,61,570394,2621390,39706377,0
为了胜利！我去做志愿者了！——机车手亚瑟申请出战,印度胖亚瑟,18568,140254,300159010,BV1Mi4y1U7uh,https://www.bilibili.com/video/BV1Mi4y1U7uh,https://space.bilibili.com/300159010,印度胖亚瑟,208,868260,9020461,101157664,0
【于赓哲说历史】上官婉儿墓志背后，是怎样一场残酷的政治斗争？【直播精华】,于赓哲老师,11292,158779,523554877,BV1RL4y1c7mH,https://www.bilibili.com/video/BV1RL4y1c7mH,https://space.bilibili.com/523554877,于赓哲老师,65,502588,2258892,28118478,352428
画好战妆，小丑登场--颠覆性解读小丑⑨拉片,_风过大泽,18747,178928,550515990,BV1EB4y1m7Fc,https://www.bilibili.com/video/BV1EB4y1m7Fc,https://space.bilibili.com/550515990,_风过大泽,10,127540,471982,6074397,0
【原创】第8集|富人靠科技，穷人靠变异，但我这异能有啥用？,飞扬的素瓜豆,3222,20741,1949770306,BV1o34y1a73A,https://www.bilibili.com/video/BV1o34y1a73A,https://space.bilibili.com/1949770306,飞扬的素瓜豆,19,12313,62550,585817,0
周一氪几个648提波战力！这波运气非常好！,鬼叔黍,6524,114619,38568774,BV1gg411o7sR,https://www.bilibili.com/video/BV1gg411o7sR,https://space.bilibili.com/38568774,鬼叔黍,423,373392,3021752,33767025,0
【足太Penta】如果你能握住我的手【超会议欢迎回来！】,足太姬,3365,15975,15404697,BV1JY411F7Qz,https://www.bilibili.com/video/BV1JY411F7Qz,https://space.bilibili.com/15404697,足太姬,1,273374,947929,23730329,80555
乐高定格动画 爆肝五月新品10309多肉植物,李肥肥的生活,27743,240189,9609403,BV1aF411T7B9,https://www.bilibili.com/video/BV1aF411T7B9,https://space.bilibili.com/9609403,李肥肥的生活,140,5130,40822,641374,0
梁漱溟整理的民族十大品性,天真的和感伤的小说家,9314,96493,314521322,BV1Su411r7Uj,https://www.bilibili.com/video/BV1Su411r7Uj,https://space.bilibili.com/314521322,天真的和感伤的小说家,46,886963,3553587,41548725,99636
小婷说好久没吃炸鸡和汉堡，花99买个炸鸡套餐，过节人多真热闹,楊小婷,5974,125166,487418383,BV1x44y137QD,https://www.bilibili.com/video/BV1x44y137QD,https://space.bilibili.com/487418383,楊小婷,22,306439,5107410,107527024,0
VLOG.我独自生活·居家整理·画画·骑车看花花的简单日常,宋京墨,1281,20188,90786722,BV1jB4y197NW,https://www.bilibili.com/video/BV1jB4y197NW,https://space.bilibili.com/90786722,宋京墨,84,164592,498539,13028542,22465
雷律第二把专属来了，天殛之钥？天寄之钥！,傀儡的夜晚,11450,237461,6014199,BV1UY411c7br,https://www.bilibili.com/video/BV1UY411c7br,https://space.bilibili.com/6014199,傀儡的夜晚,285,225010,7862749,100683671,84877
聊聊父母与孩子（上）【欧丽娟】,歐麗娟,2570,28650,1867363969,BV1VU4y1m7NH,https://www.bilibili.com/video/BV1VU4y1m7NH,https://space.bilibili.com/1867363969,歐麗娟,3,440731,269692,4580010,0
坏掉的U盘先别扔 或许拯救下还能用 又能省下一笔不菲的开支,软件小棉袄,1092,29806,1111740218,BV1AY4y1t7Mp,https://www.bilibili.com/video/BV1AY4y1t7Mp,https://space.bilibili.com/1111740218,软件小棉袄,2,946,3850,95857,0
能不能让她帮我考教资,快乐源泉bot,9674,219862,3107068,BV1Va411E7bP,https://www.bilibili.com/video/BV1Va411E7bP,https://space.bilibili.com/3107068,快乐源泉bot,9,711131,39742300,743155650,2229
【亮记生物鉴定“冰狐”篇】神奇物种在哪里？,央视新闻,137326,1247843,456664753,BV1W94y1U7hM,https://www.bilibili.com/video/BV1W94y1U7hM,https://space.bilibili.com/456664753,央视新闻,19,9091862,212678085,1635081678,7702150
大力出奇迹！非洲一哥拼命硬钢，张继科连球都接不到一个！,一定要坚强呃,7896,245772,471024593,BV15L4y1F7Pt,https://www.bilibili.com/video/BV15L4y1F7Pt,https://space.bilibili.com/471024593,一定要坚强呃,9,1194,101426,2168404,0
VLOG｜英国七年，我找到一种生活的平衡,谭立人,1268,17606,347077636,BV1QS4y1b7bt,https://www.bilibili.com/video/BV1QS4y1b7bt,https://space.bilibili.com/347077636,谭立人,7,6583,7351,170712,0
眼睛画不对称怎么办？新手动漫眼睛教程，专治不对称。二次元手绘画法,柯小逸,15329,169850,413432914,BV1HY4y1h7e4,https://www.bilibili.com/video/BV1HY4y1h7e4,https://space.bilibili.com/413432914,柯小逸,61,153341,452211,7456774,0
论好看的手加上纹身能有多绝,PB阿星儿,21395,329151,13733433,BV1c44y1g7wE,https://www.bilibili.com/video/BV1c44y1g7wE,https://space.bilibili.com/13733433,PB阿星儿,305,662408,3905027,42188676,5717
高考前最后30天，我和我的朋友有话说！！||北大||复旦||同济||武大||北理||上财||央财||对外经贸,小哲要发光,2153,35242,55898947,BV1sa411a7yd,https://www.bilibili.com/video/BV1sa411a7yd,https://space.bilibili.com/55898947,小哲要发光,776,422,2404,41505,0
全网最保姆级的自行车改色、定制涂装教程,GiantBear,867,23332,166366907,BV1k5411R7tf,https://www.bilibili.com/video/BV1k5411R7tf,https://space.bilibili.com/166366907,GiantBear,743,576,1089,31476,0
300年前得眼病就靠它，中药做的如今没几人会用，民族品牌要振兴,人物微纪实,21623,346183,1856858706,BV1ba411Y7dT,https://www.bilibili.com/video/BV1ba411Y7dT,https://space.bilibili.com/1856858706,人物微纪实,2,17549,195782,3018074,0
队友，谢谢你！,坦克世界官方账号,7667,101867,597903167,BV19i4y1m7mx,https://www.bilibili.com/video/BV19i4y1m7mx,https://space.bilibili.com/597903167,坦克世界官方账号,26,161365,1033790,20755308,356718
我把《清明上河图》里最著名的片段刻在了一枚印章上，漂亮极了。,在慈堂,104875,2144712,367976200,BV1TY4y1r7Ba,https://www.bilibili.com/video/BV1TY4y1r7Ba,https://space.bilibili.com/367976200,在慈堂,49,58956,483258,8552067,0
【渊默行动强杀33级】高血压慎入-您在最难旧约顶层打门杀？,柏喙攻略组,27759,250697,512280695,BV1Vr4y1t7PN,https://www.bilibili.com/video/BV1Vr4y1t7PN,https://space.bilibili.com/512280695,柏喙攻略组,135,22702,489298,5387178,29544
如何读懂PyTorch深度学习代码-以基于人体姿态估计的仰卧起坐计数为例,杨力AI,1756,35723,242065033,BV1oS4y1c7vs,https://www.bilibili.com/video/BV1oS4y1c7vs,https://space.bilibili.com/242065033,杨力AI,14,4258,3132,84796,0
【复旦哲学教授徐英瑾】自尊心过强的人，往往无法接受真理的光芒。如何成为一个真正的精神强者？,徐英瑾文史哲,1362,27804,523386905,BV1v541197Gw,https://www.bilibili.com/video/BV1v541197Gw,https://space.bilibili.com/523386905,徐英瑾文史哲,3,68230,54076,1438479,0
「小泽」华为WATCH GT3 Pro陶瓷版开箱：好精致的小瓷表,钟文泽,22954,828069,25910292,BV1vY4y1Y7dW,https://www.bilibili.com/video/BV1vY4y1Y7dW,https://space.bilibili.com/25910292,钟文泽,0,1929352,6682157,277549865,0
【Suzy】恋爱0次 保送当妈｜荆棘公主cos仿妆,Suzy_Z_,24902,364039,151365295,BV1634y1h7BD,https://www.bilibili.com/video/BV1634y1h7BD,https://space.bilibili.com/151365295,Suzy_Z_,160,1003069,4551678,53702673,0
野钓最强钓饵，轻松避开小杂鱼，使用效果远远超过商品饵,湖库钓鱼老孙,1166,21795,244385352,BV1ZY4y1z7hy,https://www.bilibili.com/video/BV1ZY4y1z7hy,https://space.bilibili.com/244385352,湖库钓鱼老孙,18,1332,4587,184273,0
当你夏天没有胃口时，这四道菜最适合你！,小猪的蔬食magic,4314,121309,175479981,BV1vS4y1h76z,https://www.bilibili.com/video/BV1vS4y1h76z,https://space.bilibili.com/175479981,小猪的蔬食magic,63,91754,164767,3872214,0
游戏输麻了，外面走一走[脱单doge],雨逍-不止游戏,201,1135,647720220,BV1zL4y1c7Uk,https://www.bilibili.com/video/BV1zL4y1c7Uk,https://space.bilibili.com/647720220,雨逍-不止游戏,48,29001,260320,4412768,0
妻子在夜店被强奸，报案后发现竟然是自己老公,学法联盟,675,9428,650966649,BV1fF411L7fu,https://www.bilibili.com/video/BV1fF411L7fu,https://space.bilibili.com/650966649,学法联盟,48,576319,5447313,124597907,0
电玩店免费没人来玩，老板为了拉人又开始卷了，从今天开始送饮料了,小张是逗比,2196,22132,319562107,BV1m54y1Z7Rr,https://www.bilibili.com/video/BV1m54y1Z7Rr,https://space.bilibili.com/319562107,小张是逗比,40,17847,644892,7534343,0
【CSGO】FaZe用四年时间完成了关键的20秒转点,网易BUFF,2360,45683,645647361,BV1bT4y1q7CX,https://www.bilibili.com/video/BV1bT4y1q7CX,https://space.bilibili.com/645647361,网易BUFF,36,118746,670936,15960596,2868958
天天姐给弟弟的惊喜便当｜闪现到弟弟学校门口？是一种什么样的体验？！给住校的同学也带去姐姐的温暖,天天吃8,2693,647943,384800065,BV1nr4y187C6,https://www.bilibili.com/video/BV1nr4y187C6,https://space.bilibili.com/384800065,天天吃8,34,278183,1697637,124165377,0
《三年CSGO第一次见打残局有这样的反应速度》,残杀Top丶KILL,34608,517272,24453454,BV1iF41177KC,https://www.bilibili.com/video/BV1iF41177KC,https://space.bilibili.com/24453454,残杀Top丶KILL,40,70002,734899,10493231,0
这就是刻晴的极致，斩尽芜杂！,名字就叫大梦一场,53982,932494,312760509,BV1ga411a7Di,https://www.bilibili.com/video/BV1ga411a7Di,https://space.bilibili.com/312760509,名字就叫大梦一场,60,171979,3397052,64733477,0
【洗脑循环】阿尼亚大合唱,蜗牛漫剪,21019,351048,173311760,BV1tZ4y1h7Cq,https://www.bilibili.com/video/BV1tZ4y1h7Cq,https://space.bilibili.com/173311760,蜗牛漫剪,20,393,22339,362866,0
鞋dog#12:莫兰特穿假鞋？李宁球鞋最佳购入时间！kt7low与市售不一样？四款新发国产球鞋开箱展示！,鞋道馆,4258,73010,12572013,BV1kv4y1P7Vh,https://www.bilibili.com/video/BV1kv4y1P7Vh,https://space.bilibili.com/12572013,鞋道馆,836,85855,492248,9041132,23809
百度二十年都没做的夜间模式，现在我来帮它实现,是毛布斯呀,9795,115313,14193369,BV1k54y1f7Xb,https://www.bilibili.com/video/BV1k54y1f7Xb,https://space.bilibili.com/14193369,是毛布斯呀,173,277587,1333309,16754109,12168
165夏季男友穿搭 | 快进来学叠穿！！夏天再这样穿我是真的会谢！,痴五安chammy,1358,16099,327903909,BV1Qv4y1A7jR,https://www.bilibili.com/video/BV1Qv4y1A7jR,https://space.bilibili.com/327903909,痴五安chammy,181,108280,210143,5094371,181377
当神威邂逅永昼,大魔王不欧,32824,1703438,543094563,BV1Au411r7es,https://www.bilibili.com/video/BV1Au411r7es,https://space.bilibili.com/543094563,大魔王不欧,28,265963,4425944,424879266,0
这就是鸡翅好吃的经典做法，不油炸比红烧的香，正宗味道不输饭店,老东北美食,2213,21564,514273130,BV1DF411T7qf,https://www.bilibili.com/video/BV1DF411T7qf,https://space.bilibili.com/514273130,老东北美食,36,305077,3174318,38490831,0
为什么火车不装沙子会寸步难行？沙子喷到铁轨上后，才明白其原理,沫沫科普,14282,351625,1868038881,BV1U3411K7oS,https://www.bilibili.com/video/BV1U3411K7oS,https://space.bilibili.com/1868038881,沫沫科普,2,1428,38111,1808166,0
深夜销魂炒泡面！13r还带大炸蛋！｜圆圈圈大理探店vlog,吃货圆圈圈,6965,120919,483818625,BV1Uu411k7dB,https://www.bilibili.com/video/BV1Uu411k7dB,https://space.bilibili.com/483818625,吃货圆圈圈,53,299953,1981828,36409886,0
劳动最光荣，致敬劳动者！！！,缘分的星光,289775,3690785,1188316431,BV1vY4y1k7s3,https://www.bilibili.com/video/BV1vY4y1k7s3,https://space.bilibili.com/1188316431,缘分的星光,9,27409,511407,5402194,0
【贝拉翻唱】光的方向 | 折断翅膀，也要飞翔！【直播剪辑】,贝拉kira,14453,62135,672353429,BV1Rt4y1W7KF,https://www.bilibili.com/video/BV1Rt4y1W7KF,https://space.bilibili.com/672353429,贝拉kira,12,547599,8066254,30887608,0
《 叫 花 鸡 打 人 》,李白给__,20884,173379,1665610509,BV1PZ4y1a7yg,https://www.bilibili.com/video/BV1PZ4y1a7yg,https://space.bilibili.com/1665610509,李白给__,63,344961,2988345,27932392,0
这要求很高吗?,internet-boy,7955,123940,415403269,BV1e3411A733,https://www.bilibili.com/video/BV1e3411A733,https://space.bilibili.com/415403269,internet-boy,0,949780,43354100,689573350,10736
羊毛西红柿 / 定格动画道具制作,红胡子老爹定格工坊,1692,10520,73385525,BV1jZ4y1a7qF,https://www.bilibili.com/video/BV1jZ4y1a7qF,https://space.bilibili.com/73385525,红胡子老爹定格工坊,5,353235,1606119,15184560,0
孙策：多是一件美逝阿～,仙泽干将,22145,254181,480665999,BV1gU4y1U7KN,https://www.bilibili.com/video/BV1gU4y1U7KN,https://space.bilibili.com/480665999,仙泽干将,5,519960,4725379,98943306,0
《突发饿疾》,龙馍馍,68940,1366949,11164088,BV1dY4y1Y7JC,https://www.bilibili.com/video/BV1dY4y1Y7JC,https://space.bilibili.com/11164088,龙馍馍,450,1364136,32388767,658227334,61824
【LE SSERAFIM】 FEARLESS | 泰国Golfy | 减脂舞韩国女团在线健身,GolfyDance,517,23068,1825674860,BV1mv4y1P7HA,https://www.bilibili.com/video/BV1mv4y1P7HA,https://space.bilibili.com/1825674860,GolfyDance,14,65635,69271,3369436,0
「剪辑必备思维」付费也得不到的进阶剪辑思路—节拍表”转换！串联所有剪辑技巧！,幕后玩家Stage,3739,40629,263773062,BV1zZ4y1a7FB,https://www.bilibili.com/video/BV1zZ4y1a7FB,https://space.bilibili.com/263773062,幕后玩家Stage,54,3719,4128,44250,23
【自动逗猫鸭】 可达鸭：我真的拴Q,七叶的喵,22902,599637,13870029,BV1fB4y197DA,https://www.bilibili.com/video/BV1fB4y197DA,https://space.bilibili.com/13870029,七叶的喵,137,186646,2016376,34321050,20982
救援小王子之17W血黑龙一拖三 17分58秒,强击瓶大剑,721,15271,341491537,BV1gR4y1A7FE,https://www.bilibili.com/video/BV1gR4y1A7FE,https://space.bilibili.com/341491537,强击瓶大剑,271,69931,265504,4569359,4049
三⚡️人⚡️求⚡️佛,禹汁波の纱世里,21802,320905,399339306,BV1rT4y1z7cq,https://www.bilibili.com/video/BV1rT4y1z7cq,https://space.bilibili.com/399339306,禹汁波の纱世里,420,78959,812370,13118346,10389
我骂生活太无聊，其实是我瞎了眼！原来普通生活里藏着快乐能量。,少女食人花,1945,46886,5657484,BV16S4y1h7Rn,https://www.bilibili.com/video/BV16S4y1h7Rn,https://space.bilibili.com/5657484,少女食人花,7,41808,89336,1936153,0
【原神外传：过家家篇】爆肝两百小时，一亿原石请您抽爆！二周目解锁隐藏角色！,过柱子CC,5288,79901,147464732,BV1uS4y1b7KX,https://www.bilibili.com/video/BV1uS4y1b7KX,https://space.bilibili.com/147464732,过柱子CC,31,2280,38767,771522,37
骑行阿里中线，一路荒无人烟像是荒漠戈壁，走了几天才到达一个乡镇,徐云流浪中国,71314,1013483,697166795,BV1W34y1Y7KN,https://www.bilibili.com/video/BV1W34y1Y7KN,https://space.bilibili.com/697166795,徐云流浪中国,17,681424,4221009,64429382,0
考前背一背，你答的都对！高中生物“二级结论”就是这么好用！,考上985的猴子,875,14287,511796740,BV1uT4y1q7nd,https://www.bilibili.com/video/BV1uT4y1q7nd,https://space.bilibili.com/511796740,考上985的猴子,0,381,971,13602,0
《血十字：百年后》系列漫画小说向解说第十九集  永久不息,莫千回,4056,57735,302335335,BV1ZU4y1m7ip,https://www.bilibili.com/video/BV1ZU4y1m7ip,https://space.bilibili.com/302335335,莫千回,126,17600,70268,2180719,1185
骑行阿里中线，穿越大风和烂路天黑才找到营地，帐篷里做个家乡的炒米粉,徐云流浪中国,55520,841426,697166795,BV1ea411a7iq,https://www.bilibili.com/video/BV1ea411a7iq,https://space.bilibili.com/697166795,徐云流浪中国,17,681424,4221010,64429382,0
KO对手是能力，收住拳头是武德。伟大的拳手不会只在乎赛场上的胜利,大大熊说搏击,31547,1116221,91597215,BV1uu411k768,https://www.bilibili.com/video/BV1uu411k768,https://space.bilibili.com/91597215,大大熊说搏击,25,554,42656,1281528,0
见证皇马夺得第35个西甲冠军 十二年皇马球迷圆梦伯纳乌,祁芮Blanca,3049,33101,1354745809,BV1HY4y1k7HH,https://www.bilibili.com/video/BV1HY4y1k7HH,https://space.bilibili.com/1354745809,祁芮Blanca,54,33547,112766,1597465,0
再见吧！六十天隔离生活我过够了！,狗哥FastDog,6522,66169,439064571,BV1xr4y147qU,https://www.bilibili.com/video/BV1xr4y147qU,https://space.bilibili.com/439064571,狗哥FastDog,327,236839,1354104,22376177,228847
关于未来，我们在青岛找到了答案｜青岛vlog,叽叽歪歪的平行世界,6014,73241,405004967,BV1Ra41177cV,https://www.bilibili.com/video/BV1Ra41177cV,https://space.bilibili.com/405004967,叽叽歪歪的平行世界,10,157749,444554,9045806,0
【尤里的日常】——果然只是外表彪悍，做美甲的尤里哥也太可爱了！,硬核毛子哥尤里,393,2759,1510267224,BV1rr4y1471X,https://www.bilibili.com/video/BV1rr4y1471X,https://space.bilibili.com/1510267224,硬核毛子哥尤里,2,94974,423807,7066425,0
有可能是今年最强核显笔记本，Redmi Book Pro 15 2022锐龙版 首发评测,FUN科技,2796,46046,9321359,BV1Z34y1E7N2,https://www.bilibili.com/video/BV1Z34y1E7N2,https://space.bilibili.com/9321359,FUN科技,181,1065892,4162811,89913410,359424
打开王者，吵一场不被定义的架,杨道理不吵架,13064,133962,406303364,BV11Y4y1t7V8,https://www.bilibili.com/video/BV11Y4y1t7V8,https://space.bilibili.com/406303364,杨道理不吵架,79,249970,1956499,28596206,0
猫猫正在努力看店，老顾客到来，贼猫放下矜持狂献殷勤,ケェロ飘,19219,357454,12026657,BV1G3411A76x,https://www.bilibili.com/video/BV1G3411A76x,https://space.bilibili.com/12026657,ケェロ飘,79,10005,345652,6011780,4130
【女骑vlog】当社恐女骑碰到摩友，三个路口的相遇让气氛凝结成冰，是选择忍痛尬聊还是默不作声？？？？,狐狸Vex,4579,67320,298127448,BV1cu411k76B,https://www.bilibili.com/video/BV1cu411k76B,https://space.bilibili.com/298127448,狐狸Vex,12,9133,72681,947940,0
这只猫猫好新啊~❤,Momoroko,3363,47091,7194469,BV1v34y1E7Wp,https://www.bilibili.com/video/BV1v34y1E7Wp,https://space.bilibili.com/7194469,Momoroko,1225,1129,8878,113158,1555
【张欣尧】太阳《Ringa Linga》cover,张欣尧Exzzy,3178,22907,432960055,BV1LY411A7gk,https://www.bilibili.com/video/BV1LY411A7gk,https://space.bilibili.com/432960055,张欣尧Exzzy,7,101602,138606,1455438,0
光剑的七种剑型（剑式）你都了解吗？哪种战斗力最强？,帝国星哥,5621,83512,16848214,BV1F54112714,https://www.bilibili.com/video/BV1F54112714,https://space.bilibili.com/16848214,帝国星哥,79,56992,496979,6908225,15798
少女峰脚下徒步2小时 最惬意的亲子时光 【环球自驾98】瑞士🇨🇭,叽叽歪歪的平行世界,3446,30990,405004967,BV1JF411j768,https://www.bilibili.com/video/BV1JF411j768,https://space.bilibili.com/405004967,叽叽歪歪的平行世界,10,157749,444554,9045806,0
如何谈薪？面试千人大厂HR，教你【谈薪必胜法】搞钱搞钱还是搞钱！,网易招聘,5870,186432,1388060392,BV1iS4y1h7m3,https://www.bilibili.com/video/BV1iS4y1h7m3,https://space.bilibili.com/1388060392,网易招聘,190,8641,12972,381342,139
有技巧的蒸扣肉就是不一样，酱汁独特，入口即化，老厨教做糟扣肉,老东北美食,1978,16313,514273130,BV15B4y127WX,https://www.bilibili.com/video/BV15B4y127WX,https://space.bilibili.com/514273130,老东北美食,36,305078,3174319,38490831,0
刘慈欣《命运》——这一次，地球的选择还会是人类吗？,科幻视界,13007,601926,25073738,BV1Hr4y1472d,https://www.bilibili.com/video/BV1Hr4y1472d,https://space.bilibili.com/25073738,科幻视界,13,386021,1445737,30177363,0
必须听！20年磨一剑，华语乐坛实力派巨匠倾情暴躁狂野演绎『空港』！,偶是一片云,3616,42799,346763897,BV1iY4y167nP,https://www.bilibili.com/video/BV1iY4y167nP,https://space.bilibili.com/346763897,偶是一片云,30,389273,2003412,28838792,4220
农老先生的生日，农师傅亲自下厨做了满满一桌子幸福的味道,主厨农国栋,9983,90854,415479453,BV1iY411F71A,https://www.bilibili.com/video/BV1iY411F71A,https://space.bilibili.com/415479453,主厨农国栋,13,1416789,15564713,255177704,0
三角函数补充题型之w取值范围问题,佟大大还是ETT,1273,16370,123321175,BV1kT4y1z7rc,https://www.bilibili.com/video/BV1kT4y1z7rc,https://space.bilibili.com/123321175,佟大大还是ETT,43,1367729,1120414,46314963,174605
【B站入驻自我介绍】大家好！我是Yaming~请多关照！！！,やみん_Yaming,6752,201229,2103339232,BV1K3411T7BZ,https://www.bilibili.com/video/BV1K3411T7BZ,https://space.bilibili.com/2103339232,やみん_Yaming,0,31135,73847,551480,0
【解题技巧】堪比“开挂”的浮力解题技巧（1）,初物君,1822,13402,351709002,BV1WT4y1z7dF,https://www.bilibili.com/video/BV1WT4y1z7dF,https://space.bilibili.com/351709002,初物君,61,48276,53310,1067366,4867
外刊精读|第23期|经济学人：未来人才大战，将在这个行业发生！,Maggie老师呀,308,7924,2080146436,BV1734y1a7ef,https://www.bilibili.com/video/BV1734y1a7ef,https://space.bilibili.com/2080146436,Maggie老师呀,20,363216,345536,6756231,133800
我的本草纲目打开方式，当《本草纲目》来到公园会发生什么…,自律的悍匪,18728,329576,73820664,BV1R34y1a7aC,https://www.bilibili.com/video/BV1R34y1a7aC,https://space.bilibili.com/73820664,自律的悍匪,55,567724,4200415,77461952,0
【iPad Mini 6测评】居然还可以当VLOG相机？| 6个月后的使用体验,ElenaLin_青青,4226,113870,5128788,BV1QF411L7mZ,https://www.bilibili.com/video/BV1QF411L7mZ,https://space.bilibili.com/5128788,ElenaLin_青青,25,980197,1941616,35698599,0
【旅行摄影】流浪到沙漠戈壁，偶遇大毒蛇后拍摄大毒菌,自然摄影师雷雨,2470,19655,470226708,BV1654y1f7Mk,https://www.bilibili.com/video/BV1654y1f7Mk,https://space.bilibili.com/470226708,自然摄影师雷雨,55,86520,214955,3436303,41
请保持童心,金毛败犬狗荔枝,81918,772496,6377073,BV12Z4y1t7Ux,https://www.bilibili.com/video/BV12Z4y1t7Ux,https://space.bilibili.com/6377073,金毛败犬狗荔枝,32,496465,7574273,129530641,55092
"特雷 杨专属过人动作""Drop Thru"" 误导胯下教学 全场/美式单挑必备 最容易忽视的2个技术细节 【宝石碎片 GemPieces Vol.100】",隐藏宝石HiddenGems,8048,170563,493733326,BV1q5411R77R,https://www.bilibili.com/video/BV1q5411R77R,https://space.bilibili.com/493733326,隐藏宝石HiddenGems,34,383110,898280,17416958,0
心脏骤停！双人高燃翻跳《OverThink》时光代理人ED【楚枫X慕宇】【直播翻跳】,量子少年-楚枫,1938,14823,1757836012,BV1hT4y1q7Jx,https://www.bilibili.com/video/BV1hT4y1q7Jx,https://space.bilibili.com/1757836012,量子少年-楚枫,5,32896,147160,330481,0
考前一遍，满分试卷！初中地理考试不该丢掉的分数【爆爆 |应试技巧】学业水平考试/会考,爆爆的计划本,3563,39968,1321920893,BV1eF411777o,https://www.bilibili.com/video/BV1eF411777o,https://space.bilibili.com/1321920893,爆爆的计划本,47,245455,366064,5879764,14776
虽然他是反派，可他真的好帅啊！,在下啵啵君,269830,1859558,583559884,BV1H3411K7yW,https://www.bilibili.com/video/BV1H3411K7yW,https://space.bilibili.com/583559884,在下啵啵君,42,77556,9008541,182947622,10428
【Luca Kaneshiro】-恋愛サーキュレーション【にじさんじMMD】,Fiona-忱,6456,27533,1623029985,BV1HT4y1z7xX,https://www.bilibili.com/video/BV1HT4y1z7xX,https://space.bilibili.com/1623029985,Fiona-忱,16,22,6546,27635,0
欺负了我的女人，还想跑？【吸血鬼鬼盲盒】,王学习-吉吉,13976,272104,9618426,BV1vR4y1A7tv,https://www.bilibili.com/video/BV1vR4y1A7tv,https://space.bilibili.com/9618426,王学习-吉吉,269,271656,1171765,19078693,0
这次还是假如，假如富尔兹能在2K22里达到巅峰,木修女,4277,106494,92114033,BV16v4y1P71P,https://www.bilibili.com/video/BV16v4y1P71P,https://space.bilibili.com/92114033,木修女,38,15561,50079,1383855,0
从这里开始的梦想，如同彩虹一样绽放！《Lovelive虹咲学园学园偶像同好会》圣地巡礼【软游记】,软软冰,5559,35153,425642,BV1b44y137C9,https://www.bilibili.com/video/BV1b44y137C9,https://space.bilibili.com/425642,软软冰,22,479571,1470251,23874216,60550
【万能句式】一分钟拉高结尾段文采！别再说不会写结尾,观澜作文,12185,72230,572999814,BV1oY411c7eb,https://www.bilibili.com/video/BV1oY411c7eb,https://space.bilibili.com/572999814,观澜作文,17,15973,33140,260319,0
【仅供粉丝可见】流落街头，来河北的第一哭,我是小妖怪,20862,258948,1119878117,BV1VP4y1F7eD,https://www.bilibili.com/video/BV1VP4y1F7eD,https://space.bilibili.com/1119878117,我是小妖怪,6,554449,3599869,57109980,0
刚进入翻译界，我就退出了！,天真的和感伤的小说家,10552,115485,314521322,BV1QA4y1f7DJ,https://www.bilibili.com/video/BV1QA4y1f7DJ,https://space.bilibili.com/314521322,天真的和感伤的小说家,46,886964,3553598,41548725,99636
无敌顿悟76-77：阿三击败神子杨一鸣，挑战所有圣子！,阿三也想修仙,1783,23281,397066945,BV1mg411d7dm,https://www.bilibili.com/video/BV1mg411d7dm,https://space.bilibili.com/397066945,阿三也想修仙,25,18491,167264,4566842,0
BOY STORY《中国节拍——舞动青春》五四青年节特别舞台,BOYSTORY,8371,74872,206837580,BV15S4y1h7dq,https://www.bilibili.com/video/BV15S4y1h7dq,https://space.bilibili.com/206837580,BOYSTORY,3,183529,2886655,46649895,0
